candidate_id,canon_id,food_name_fa,food_name_en,visual_review_status,landing_page_status,license_verification_status,selected_for_dataset,nutrition_gold_allowed,review_notes
IFKB-CANON-00012-OV-01,IFKB-CANON-00012,چلو سفید,Persian white rice,rejected_multi_food_component,not_required_after_rejection,not_required_after_rejection,no,no,"Multi-food plate with kebab rice hummus and bread; not clean plain-chelo identity."
IFKB-CANON-00021-OV-01,IFKB-CANON-00021,باقالی‌پلو با ماهیچه,Baghali polo with lamb shank,rejected_wrong_component,not_required_after_rejection,not_required_after_rejection,no,no,"Only lamb shank visible; dill/fava rice absent."
IFKB-CANON-00042-OV-01,IFKB-CANON-00042,عدسی,Persian lentil soup,rejected_generic_soup,not_required_after_rejection,not_required_after_rejection,no,no,"Generic smooth soup with no evidence of Iranian Adasi."
IFKB-CANON-00045-OV-01,IFKB-CANON-00045,کله‌پاچه,Kaleh pacheh,accepted_process_pending_source_verification,unavailable_or_not_verified,pending,no,no,"Relevant preparation/shop context; not promoted without landing-page licence verification."
IFKB-CANON-00060-OV-01,IFKB-CANON-00060,الویه,Salad Olivieh,rejected_mosaic,not_required_after_rejection,not_required_after_rejection,no,no,"Year-end food mosaic; not isolated Persian Salad Olivieh."
IFKB-CANON-00080-OV-01,IFKB-CANON-00080,ماست,Iranian yogurt,rejected_related_yogurt_dish,not_required_after_rejection,not_required_after_rejection,no,no,"Mixed/flavoured yogurt-like sides; not plain Iranian yogurt."
IFKB-CANON-00080-OV-02,IFKB-CANON-00080,ماست,Iranian yogurt,rejected_market_context_wrong_product,not_required_after_rejection,not_required_after_rejection,no,no,"Roadside dairy/drink display; plain yogurt not established."
IFKB-CANON-00080-OV-03,IFKB-CANON-00080,ماست,Iranian yogurt,rejected_market_context_wrong_product,not_required_after_rejection,not_required_after_rejection,no,no,"Dairy/drink market stall rather than plain yogurt."
IFKB-CANON-00080-OV-04,IFKB-CANON-00080,ماست,Iranian yogurt,accepted_related_variant_pending_source_verification,unavailable_or_not_verified,pending,no,no,"Iranian yogurt with fresh mint is a flavoured variant and landing page was not independently verified."
